"rank","city","country","pop2026","pop2025","growthRate"
1,"Shanghai","China",24722254,24253514,0.01932668396010584
2,"Delhi","India",23390383,22838578,0.024161092691497688
3,"Kinshasa","DR Congo",21852144,20786403,0.051271064070103956
4,"Mumbai","India",21782818,21538707,0.0113335958374845
5,"Beijing","China",21571693,21136535,0.020587953512720913
6,"Karachi","Pakistan",21243390,20420106,0.040317322544750844
7,"Shenzhen","China",20622629,20092959,0.026360975503906703
8,"Guangzhou","China",18515410,18112295,0.022256428575174958
9,"Kano","Nigeria",17510247,16974110,0.031585573558790436
10,"Chengdu","China",15831571,15454369,0.024407466911136932
11,"Istanbul","Turkey",15791519,15746497,0.0028591755994999968
12,"Bengaluru","India",15565994,14953029,0.04099269786743531
13,"Kolkata","India",15440671,15344402,0.00627388411747809
14,"Lagos","Nigeria",14881845,14521398,0.024821783687768884
15,"Lahore","Pakistan",14062745,13700631,0.02643046148750372
16,"Moscow","Russia",13399945,13274285,0.009466423238615018
17,"Chennai","India",13109989,12751904,0.028080904624125047
18,"Jakarta","Indonesia",12545537,12338082,0.01681420175356263
19,"Tianjin","China",12361093,12142978,0.017962232987657645
20,"Johannesburg","South Africa",12043175,11705483,0.028849044503332255
21,"Sao Paulo","Brazil",12005878,11904961,0.008476886232554603
22,"Lima","Peru",12003443,11788423,0.01823992912368344
23,"Hyderabad","India",11868136,11528421,0.029467608790483935
24,"Dhaka","Bangladesh",11864975,11451569,0.03610038065526222
25,"Wuhan","China",11746708,11538070,0.01808257360199761
26,"Dongguan","China",11485606,11178817,0.02744378050020857
27,"Chongqing","China",10933060,10707687,0.02104777623776255
28,"Xi'an","China",10738037,10513854,0.021322628219870632
29,"Hangzhou","China",10697657,10454053,0.023302349815903955
30,"Foshan","China",10673812,10401928,0.026137846753025107
31,"Ahmedabad","India",10588126,10234135,0.034589244718777
32,"Ho Chi Minh City","Vietnam",10545905,10308647,0.023015435488284774
33,"Tokyo","Japan",10316210,10216685,0.009741418082284126
34,"Cairo","Egypt",10119520,10012395,0.010699238294134439
35,"Tehran","Iran",9882527,9756672,0.01289937798462426
36,"Surat","India",9580601,9122110,0.050261507480177325
37,"Hanoi","Vietnam",9406046,9199762,0.02242275397993998
38,"Seoul","South Korea",9217913,9278296,-0.006507983793575867
39,"London","United Kingdom",9188200,9138835,0.005401673189197487
40,"Mexico City","Mexico",9020812,8991050,0.0033101806796758115
41,"Nanjing","China",8562383,8388622,0.020713890791598466
42,"New York","United States",8546038,8584629,-0.004
43,"Luanda","Angola",8473127,8330309,0.017144382039129713
44,"Baghdad","Iraq",8001223,7828504,0.02206283601566783
45,"Bogota","Colombia",7945996,7942867,0.0003939383600404245
46,"Pune","India",7888467,7658141,0.030075967522666502
47,"Shenyang","China",7701267,7588782,0.01482253673909728
48,"Riyadh","Saudi Arabia",7623986,7442772,0.02434764896734709
49,"Zhengzhou","China",7487991,7316828,0.02339306049014689
50,"Qingdao","China",7080465,6927934,0.022016809051587316
51,"Suzhou","China",6911912,6742076,0.025190460623701005
52,"Rio de Janeiro","Brazil",6772868,6730729,0.006260688849603069
53,"Changsha","China",6494068,6350099,0.022671929996681994
54,"Jinan","China",6436275,6304923,0.020833244117334893
55,"Kunming","China",6061121,5929791,0.022147492213469233
56,"Abidjan","Ivory Coast",6038204,5880497,0.026818651552751316
57,"Ankara","Turkey",5956929,5910306,0.007888424051140541
58,"Hefei","China",5930446,5784701,0.025194906357303593
59,"Shijiazhuang","China",5869423,5739592,0.02262024896543169
60,"Dar es Salaam","Tanzania",5855189,5733588,0.0212085346906683
61,"Harbin","China",5760502,5674234,0.015203461824098152
62,"Saint Petersburg","Russia",5708625,5652922,0.009853841959963416
63,"Nairobi","Kenya",5603502,5412741,0.035242957311277134
64,"Alexandria","Egypt",5521580,5468041,0.009791257966061284
65,"Dalian","China",5521027,5419835,0.018670679088939046
66,"Xiamen","China",5471952,5329502,0.026728576140885307
67,"Nanning","China",5320113,5197211,0.023647683344008907
68,"Sanaa City","Yemen",5250784,4994700,0.051271147416261265
69,"Bangkok","Thailand",5186582,5237898,-0.009797059812925002
70,"Bamako","Mali",5163564,4911734,0.05127109896423554
71,"Changchun","China",5110411,5018235,0.018368211133994228
72,"Ghaziabad","India",5029611,4784314,0.05127109132051122
73,"Sydney","Australia",4976762,4921141,0.011302460140849346
74,"Cape Town","South Africa",4974327,4852662,0.025071805948982284
75,"Kabul","Afghanistan",4929104,4846687,0.017004811740473524
76,"Melbourne","Australia",4928443,4859862,0.014111717575519656
77,"Taiyuan","China",4831308,4743369,0.018539354623264614
78,"South Pyongan","North Korea",4672958,4636069,0.007956956637185542
79,"Giza","Egypt",4612174,4560246,0.011387104993897168
80,"Guiyang","China",4588310,4493804,0.02103028970555898
81,"Wuxi","China",4582705,4478418,0.02328657128477074
82,"Jaipur","India",4575390,4452971,0.027491533180880712
83,"Yangon","Myanmar",4556371,4570475,-0.0030858936981386087
84,"Izmir","Turkey",4546894,4519988,0.00595267067080707
85,"Zhongshan","China",4541011,4424488,0.026335928586539215
86,"Kumasi","Ghana",4529118,4308231,0.051270927673098265
87,"Al Hudaydah","Yemen",4412787,4271573,0.03305901596437666
88,"Urumqi","China",4385217,4294774,0.021058849662403567
89,"Ningbo","China",4320326,4222139,0.023255274163167083
90,"Kozhikode","India",4294121,4084694,0.05127116009179633
91,"Fuzhou","China",4269451,4178452,0.02177816090743656
92,"Lucknow","India",4266929,4158755,0.02601114997156606
93,"Shantou","China",4249275,4180879,0.01635923928915428
94,"Singapore","Singapore",4247430,4204520,0.010205683407380706
95,"Addis Ababa","Ethiopia",4229569,4133985,0.02312151592228795
96,"Bekasi","Indonesia",4221996,4068548,0.03771566662111403
97,"Kochi","India",4143068,3962043,0.04568981204898592
98,"Taiz","Yemen",4118913,4018520,0.024982580651583097
99,"Aleppo","Syria",4105521,3985050,0.03023073738096138
100,"New Taipei","Taiwan",4056148,4051572,0.0011294381538820009
101,"Nanchang","China",4027247,3942535,0.021486683060518263
102,"Pyongyang","North Korea",4000888,3955309,0.011523499175412066
103,"Yokohama","Japan",3962266,3930854,0.007991138821233257
104,"Faisalabad","Pakistan",3959398,3868180,0.023581632705820255
105,"Thrissur","India",3940307,3748135,0.051271365625837895
106,"Rawalpindi","Pakistan",3900989,3710735,0.05127124410662587
107,"Depok","Indonesia",3869259,3680553,0.05127109975049948
108,"Los Angeles","United States",3863148,3869089,-0.0014
109,"Thanh Hoa","Vietnam",3817771,3791872,0.006830135616392008
110,"Jeddah","Saudi Arabia",3812058,3787027,0.006609670329786432
111,"Coimbatore","India",3779472,3638494,0.03874625050913916
112,"Dubai","United Arab Emirates",3776252,3592082,0.051271101272186925
113,"Berlin","Germany",3775697,3730207,0.012195033680436396
114,"Indore","India",3754331,3619636,0.037212305325728945
115,"Douala","Cameroon",3747138,3681007,0.017965464341686888
116,"Changzhou","China",3711170,3623861,0.02409281150684306
117,"Yaounde","Cameroon",3674849,3604983,0.01938039652336787
118,"Ibb","Yemen",3671859,3582226,0.025021592719163932
119,"Nghe An","Vietnam",3653651,3605215,0.01343498237969154
120,"Dong Nai","Vietnam",3612068,3533565,0.022216373549092783
121,"Malappuram","India",3596910,3421487,0.051270982470487336
122,"Tangerang","Indonesia",3571253,3421391,0.04380148308100429
123,"Thiruvananthapuram","India",3556039,3382609,0.05127107507843798
124,"Madrid","Spain",3543630,3506730,0.010522623640827788
125,"Mashhad","Iran",3532584,3475462,0.016435800477749396
126,"South Hamgyong","North Korea",3520803,3493853,0.007713547192740977
127,"Chittagong","Bangladesh",3504932,3434214,0.020592193730501362
128,"Nantong","China",3474235,3393129,0.02390301105557735
129,"Kannur","India",3473967,3304540,0.051270978714132776
130,"Binh Duong","Vietnam",3427548,3262542,0.05057590063208384
131,"Huizhou","China",3412671,3327244,0.02567500309565518
132,"Toronto","Canada",3358275,3271830,0.02642099375578799
133,"Lanzhou","China",3354151,3297222,0.017265746740741106
134,"Surabaya","Indonesia",3321922,3284077,0.011523785830843902
135,"Mbuji-Mayi","DR Congo",3319877,3171453,0.04679999987387484
136,"Bursa","Turkey",3315749,3276957,0.011837811725939673
137,"Mogadishu","Somalia",3307421,3146116,0.05127115465545451
138,"Durban","South Africa",3303046,3265774,0.011412914671989016
139,"Pretoria","South Africa",3296921,3162207,0.04260125918385471
140,"Kanpur","India",3257269,3233656,0.007302260970245333
141,"Xuzhou","China",3247552,3180552,0.0210655257326402
142,"Tashkent","Uzbekistan",3235262,3112800,0.039341428938576284
143,"Busan","South Korea",3233150,3252178,-0.005850848262302977
144,"Linyi","China",3211011,3133149,0.024851036449272
145,"Abu Dhabi","United Arab Emirates",3210297,3085851,0.04032793547063673
146,"Casablanca","Morocco",3190406,3204191,-0.0043021779912620906
147,"Nagpur","India",3173278,3123049,0.01608332113905364
148,"Buenos Aires","Argentina",3167079,3149019,0.0057351194133792305
149,"Lubumbashi","DR Congo",3165454,3038185,0.04188981250318857
150,"Ouagadougou","Burkina Faso",3149586,3032380,0.038651488269939804
151,"Amman","Jordan",3140757,2987580,0.051271263028939806
152,"Athens","Greece",3134884,3137137,-0.0007181707397541093
153,"Zibo","China",3125463,3062938,0.0204134069968116
154,"North Pyongan","North Korea",3124412,3100991,0.007552746847701242
155,"Sharm el-Sheikh","Egypt",3071216,2467206,0.24481539036464728
156,"Brasilia","Brazil",3043900,2996899,0.01568321121265681
157,"Wenzhou","China",3030849,2956044,0.02530578029285091
158,"Incheon","South Korea",3012841,3001504,0.003777106410652875
159,"Kiev","Ukraine",2995010,2984275,0.0035971885968952844
160,"Quezon City","Philippines",2967838,2964940,0.0009774228146268715
161,"Algiers","Algeria",2961324,2924508,0.012588784164720979
162,"Accra","Ghana",2951532,2886847,0.022406798836239084
163,"Omdurman","Sudan",2900425,2828836,0.025306875336710943
164,"Guayaquil","Ecuador",2900375,2876945,0.00814405558674225
165,"Hajjah","Yemen",2887535,2801093,0.030860096398084513
166,"Taichung","Taiwan",2878117,2869346,0.0030567941266057552
167,"Tangshan","China",2841172,2792638,0.0173792664856669
168,"Osaka","Japan",2828297,2815506,0.004543055493399839
169,"Antalya","Turkey",2816601,2768949,0.01720941772492024
170,"Gujranwala","Pakistan",2793969,2696312,0.03621873136343279
171,"Bhopal","India",2773892,2703468,0.02604950382249771
172,"Bandung","Indonesia",2769370,2744336,0.00912206085552203
173,"Lome","Togo",2766121,2655000,0.04185348399246713
174,"Mecca","Saudi Arabia",2763316,2663595,0.037438499471578846
175,"Rome","Italy",2746472,2746984,-0.00018638623304689794
176,"South Hwanghae","North Korea",2729384,2704236,0.009299484216614307
177,"Chicago","United States",2727758,2731585,-0.0008
178,"Haikou","China",2727405,2664377,0.0236558114711245
179,"Patna","India",2716691,2666096,0.01897718611782917
180,"Hohhot","China",2715016,2658080,0.021419972310840807
181,"Kaohsiung","Taiwan",2713913,2722648,-0.003208273710005871
182,"Shaoxing","China",2713087,2649753,0.023901850474364883
183,"North Hamgyong","North Korea",2693250,2671491,0.008144889876102956
184,"Yantai","China",2684197,2622145,0.023664595207358863
185,"Gazipur","Bangladesh",2677715,2677715,0
186,"Agra","India",2676236,2602525,0.028322878742759405
187,"Maracaibo","Venezuela",2637705,2580532,0.022155509019070596
188,"Fortaleza","Brazil",2609729,2578483,0.012117977896305643
189,"Nakhon Ratchasima","Thailand",2599753,2606076,-0.0024262531100397444
190,"Dhamar","Yemen",2594835,2517201,0.03084139883942516
191,"Salvador","Brazil",2593321,2564204,0.011355180789047958
192,"Zhuhai","China",2574666,2513403,0.024374523305653817
193,"Antananarivo","Madagascar",2567094,2469059,0.0397054100367793
194,"Phnom Penh","Cambodia",2542893,2492403,0.020257558669284137
195,"Medellin","Colombia",2526795,2528343,-0.0006122587006588409
196,"P'yongyang","North Korea",2521785,2521785,0
197,"Luoyang","China",2521653,2473155,0.01960976970711492
198,"Visakhapatnam","India",2514213,2452150,0.025309626246355243
199,"Liuzhou","China",2508650,2458015,0.020599955655274726
200,"Vijayawada","India",2501222,2414902,0.03574472173197929
201,"North Hwanghae","North Korea",2485796,2463501,0.00905012825243423
202,"Brisbane","Australia",2484138,2444890,0.016053073962427833
203,"Northwest","Somalia",2475421,2354694,0.05127078083181935
204,"Nashik","India",2464374,2390569,0.030873402942981354
205,"Vadodara","India",2461877,2412989,0.02026034930121945
206,"Belo Horizonte","Brazil",2434975,2415872,0.00790728979018751
207,"Nagoya","Japan",2434621,2417239,0.007190848732789856
208,"Taipei","Taiwan",2431249,2460879,-0.012040413201949374
209,"Houston","United States",2419191,2397315,0.0086
210,"Multan","Pakistan",2409602,2343040,0.02840839251570615
211,"Handan","China",2408684,2356426,0.022176805042891212
212,"Monrovia","Liberia",2396360,2285521,0.048496163456822394
213,"Lusaka","Zambia",2393400,2346781,0.019865083277902817
214,"Yangzhou","China",2389666,2335931,0.023003676050362687
215,"Baku","Azerbaijan",2389227,2370264,0.008000374641812025
216,"Petaling","Malaysia",2389126,2374518,0.00615198537134698
217,"Taoyuan","Taiwan",2374056,2356286,0.007541529338968234
218,"Konya","Turkey",2372305,2351070,0.009032057743920907
219,"Kollam","India",2351284,2236611,0.05127087365661698
220,"Daegu","South Korea",2345915,2356590,-0.0045298503345936325
221,"Manaus","Brazil",2341723,2303732,0.01649106753736973
222,"Medan","Indonesia",2330213,2314947,0.0065945354256491395
223,"Baotou","China",2323692,2287096,0.016001077348742676
224,"Brazzaville","Republic of the Congo",2323299,2259897,0.028055260925608616
225,"Sanliurfa","Turkey",2306588,2271906,0.015265596375906298
226,"Adana","Turkey",2295419,2287939,0.0032693179319902566
227,"Weifang","China",2287356,2239197,0.021507263541349797
228,"Raipur","India",2284211,2178680,0.04843804505480387
229,"Khartoum","Sudan",2274979,2215389,0.026898210652847032
230,"Rajkot","India",2270259,2197277,0.033214747162055636
231,"Cali","Colombia",2269983,2277296,-0.0032112645874756707
232,"Sharjah","United Arab Emirates",2267755,2157155,0.051271234565898105
233,"Gaziantep","Turkey",2242869,2217978,0.01122238363049588
234,"Caracas","Venezuela",2223474,2203550,0.009041773501849315
235,"Perth","Australia",2218366,2183445,0.0159935331551746
236,"Baoding","China",2214667,2168954,0.021076057860148323
237,"Semarang","Indonesia",2209539,2158523,0.023634679825047078
238,"Tijuana","Mexico",2207854,2136063,0.03360902744909677
239,"Kocaeli","Turkey",2205628,2167487,0.017596876013558527
240,"Isfahan","Iran",2196430,2171696,0.01138925521804146
241,"Conakry","Guinea",2195947,2145443,0.023540126677800366
242,"Faridabad","India",2191312,2128244,0.02963382018227234
243,"Almaty","Kazakhstan",2185094,2177335,0.003563530646409463
244,"Hai Phong City","Vietnam",2174190,2152756,0.009956539431315026
245,"Bucharest","Romania",2117843,2124150,-0.0029691876750700397
246,"Kuala Lumpur","Malaysia",2111536,2089402,0.010593461669894166
247,"Huai'an","China",2110834,2059797,0.024777684402880418
248,"Ibadan","Nigeria",2098855,2052530,0.022569706654713917
249,"Ganzhou","China",2086733,2035299,0.02527097984129112
250,"Jiangmen","China",2086560,2038043,0.023805680253066397
251,"Kigali","Rwanda",2075215,1987379,0.04419690456626535
252,"Sapporo","Japan",2066420,2050617,0.007706461030996925
253,"Paris","France",2059821,2074370,-0.0070136957244850695
254,"Abuja Municipal Area Council","Nigeria",2057985,1960070,0.04995484855132726
255,"Abuja","Nigeria",2057985,1960070,0.04995484855132726
256,"Batam","Indonesia",2043042,1943402,0.051270915641745685
257,"Tiruppur","India",2039037,1939592,0.0512710920647228
258,"Hai Duong","Vietnam",2035389,2014297,0.010471147005630232
259,"Hadhramaut","Yemen",2026971,1965422,0.03131592095743296
260,"Makassar","Indonesia",2022830,1970634,0.02648690725928815
261,"Hyderabad","Pakistan",2022586,1988236,0.01727662108522332
262,"Ludhiana","India",2016311,1987016,0.014743212938395978
263,"Bac Giang","Vietnam",2002351,1972725,0.015017805320052258
264,"Mersin","Turkey",2002110,1978050,0.012163494350496684
265,"Minsk","Belarus",1991934,1996730,-0.002401927150891714
266,"Datong","China",1987839,1958116,0.015179386716619447
267,"Kunshan","China",1973206,1919698,0.027873134211735318
268,"Madurai","India",1970639,1932124,0.019934020797836904
269,"Dak Lak","Vietnam",1970582,1955787,0.007564729697047801
270,"Davao","Philippines",1952063,1920646,0.016357517210355166
271,"Montreal","Canada",1943903,1915366,0.014898980142698637
272,"Zunyi","China",1932724,1889811,0.022707561761467154
273,"Yinchuan","China",1928110,1883920,0.02345641003864274
274,"Vienna","Austria",1925213,1925562,-0.00018124578694422855
275,"Meerut","India",1922030,1883709,0.020343375754960036
276,"Xiangyang","China",1920516,1881497,0.020738273831953924
277,"Hamburg","Germany",1917879,1890020,0.014740055660786622
278,"Thai Binh","Vietnam",1917525,1909265,0.004326272151849109
279,"Gurgaon","India",1909771,1816630,0.051271310063138786
280,"Manila","Philippines",1909418,1897288,0.006393336172473507
281,"Kananga","DR Congo",1897178,1815482,0.04499961993564239
282,"Palembang","Indonesia",1891525,1859609,0.01716274765286685
283,"Long An","Vietnam",1891256,1860871,0.016328375260832084
284,"Xining","China",1881962,1847831,0.018470845006929748
285,"Peshawar","Pakistan",1874831,1885156,-0.005477000311910563
286,"Quito","Ecuador",1865632,1861978,0.0019624292016340306
287,"Warsaw","Poland",1863578,1862918,0.00035428290456152034
288,"Diyarbakir","Turkey",1863340,1848453,0.008053761713173069
289,"Kampala","Uganda",1862258,1829705,0.017791392601539613
290,"Varanasi","India",1858451,1826457,0.017516974119839768
291,"La Matanza","Argentina",1858086,1852834,0.0028345766539257244
292,"Curitiba","Brazil",1852299,1830795,0.01174571702457139
293,"Jining","China",1850655,1825555,0.013749243380779985
294,"Tainan","Taiwan",1849281,1853960,-0.0025237869209692176
295,"Ubon Ratchathani","Thailand",1847979,1851186,-0.0017324029027877552
296,"Johor Bahru","Malaysia",1846586,1823144,0.012858007924771764
297,"Aurangabad","India",1844391,1791607,0.029461818356369518
298,"Wuhu","China",1834285,1794931,0.021925076785681563
299,"Tien Giang","Vietnam",1831514,1821741,0.005364648432460983
300,"Srinagar","India",1829225,1784722,0.024935536178743778
301,"Leon","Mexico",1827805,1783920,0.024600318399928156
302,"Putian","China",1821529,1774505,0.026499784446930352
303,"Quetta","Pakistan",1818905,1730196,0.05127106986722896
304,"Pekanbaru","Indonesia",1815161,1735106,0.04613839154495469
305,"Caloocan City","Philippines",1814693,1792399,0.012438078798303387
306,"Shiraz","Iran",1798531,1773754,0.013968678858511385
307,"Valencia","Venezuela",1791449,1760466,0.017599317453447005
308,"Mianyang","China",1790980,1750733,0.022988656751200764
309,"Jamshedpur","India",1788266,1754143,0.01945280401882865
310,"Fukuoka","Japan",1777644,1748970,0.016394792363505273
311,"Daqing","China",1776920,1748105,0.0164835636303311
312,"Benin City","Nigeria",1770251,1727596,0.02469037900064608
313,"An Giang","Vietnam",1759727,1780228,-0.011515940654792556
314,"Khon Kaen","Thailand",1756308,1762415,-0.0034651316517392283
315,"Denpasar","Indonesia",1755037,1669443,0.05127099278022662
316,"Barcelona","Spain",1748128,1731649,0.009516362727088445
317,"Kien Giang","Vietnam",1747867,1744302,0.002043797461678043
318,"Nam Dinh","Vietnam",1747733,1752362,-0.0026415774822782234
319,"Yiwu","China",1746582,1702382,0.025963620386023845
320,"Qinhuangdao","China",1744875,1707429,0.02193121939477427
321,"Jodhpur","India",1730911,1683217,0.028335027509821975
322,"Taizhou","China",1729645,1688955,0.024091820089937377
323,"Quanzhou","China",1725800,1683026,0.025414937142979266
324,"Kangwon Province","North Korea",1715885,1701690,0.008341707361505302
325,"Xingtai","China",1712952,1674252,0.023114799922592244
326,"Zhuzhou","China",1711295,1677771,0.01998127277202899
327,"Gia Lai","Vietnam",1707743,1678592,0.017366340361445687
328,"Cixi","China",1705623,1664271,0.02484691495555702
329,"Kota","India",1703199,1643981,0.03602109756742933
330,"N'Djamena","Chad",1697201,1653332,0.026533690752976513
331,"Jinjiang","China",1694964,1648495,0.028188741852416932
332,"Tabriz","Iran",1694340,1680260,0.008379655529501484
333,"Budapest","Hungary",1685165,1685209,-0.000026109521133577118
334,"Ulaanbaatar","Mongolia",1682636,1636984,0.027887871842363854
335,"Belgrade","Serbia",1681182,1681951,-0.00045720713623642606
336,"Calgary","Canada",1678073,1612834,0.0404499161103995
337,"Phoenix","United States",1677947,1665481,0.0067
338,"Bac Ninh","Vietnam",1676677,1628787,0.029402248421678268
339,"Ranchi","India",1655837,1613271,0.02638490371425517
340,"Beirut","Lebanon",1650000,1650000,0
341,"Santa Cruz de la Sierra","Bolivia",1647330,1629055,0.011218160221723616
342,"Novosibirsk","Russia",1640688,1637266,0.0020900696649170936
343,"Nouakchott","Mauritania",1637012,1570966,0.04204164825973322
344,"Ecatepec de Morelos","Mexico",1636825,1637956,-0.0006904947385644178
345,"Kawasaki","Japan",1634478,1618034,0.010162950840340912
346,"Port-au-Prince","Haiti",1633591,1574790,0.03733894678020566
347,"Nanyang","China",1632090,1594678,0.02346053560656136
348,"Chiang Mai","Thailand",1630451,1630565,-0.00006991441616865934
349,"Kobe","Japan",1628857,1611096,0.011024172364651141
350,"Juarez","Mexico",1621517,1600877,0.01289293306106587
351,"Chon Buri","Thailand",1619225,1607328,0.007401725099046352
352,"Tai'an","China",1616764,1583402,0.021069823077146443
353,"Puebla","Mexico",1611012,1599339,0.007298640250753552
354,"Basra","Iraq",1609715,1573356,0.023109200969138488
355,"Dammam","Saudi Arabia",1598850,1542800,0.03633004926108385
356,"Mosul","Iraq",1598730,1566997,0.020250836472565092
357,"Recife","Brazil",1598694,1588376,0.006495943026084472
358,"Gwalior","India",1586309,1548331,0.024528346974904025
359,"Pointe-Noire","Republic of the Congo",1586239,1521128,0.042804418826029034
360,"Jilin","China",1585983,1573201,0.008124835923699614
361,"Kisangani","DR Congo",1583825,1524374,0.03900027158689401
362,"Shangrao","China",1583656,1543417,0.02607137280462757
363,"Havana","Cuba",1583433,1664617,-0.04877037781063154
364,"Zhanjiang","China",1577776,1548265,0.019060690514866696
365,"Phu Tho","Vietnam",1576568,1559930,0.010665863211810844
366,"Port Harcourt Metro","Nigeria",1576535,1541126,0.02297605776555578
367,"Jabalpur","India",1576233,1553602,0.014566793812057499
368,"Jiangyin","China",1575170,1534534,0.02648100335346104
369,"Khartoum North","Sudan",1573325,1535242,0.024805861225787096
370,"San Antonio","United States",1572360,1548422,0.015
371,"Ulu Langat","Malaysia",1568081,1537798,0.019692443350817213
372,"Philadelphia","United States",1567280,1574281,-0.0035
373,"Asansol","India",1563390,1539704,0.015383476304536403
374,"Yekaterinburg","Russia",1560285,1548187,0.007814301502337972
375,"Cordoba","Argentina",1558828,1543409,0.009990222941553384
376,"Astana","Kazakhstan",1557758,1486846,0.047692901618594075
377,"Sadah","Yemen",1557660,1501559,0.03736183526588044
378,"Yancheng","China",1556374,1522557,0.02221066272067329
379,"Dong Thap","Vietnam",1554237,1560625,-0.0040932318782539445
380,"Weihai","China",1554203,1518443,0.023550439496247133
381,"Taizhou","China",1550745,1517008,0.022239170788815876
382,"Buri Ram","Thailand",1549564,1555811,-0.004015269206863792
383,"Quang Nam","Vietnam",1549505,1541718,0.005050858847078343
384,"Karaj","Iran",1549130,1553413,-0.0027571547296179055
385,"Zaozhuang","China",1544258,1511862,0.02142788164528242
386,"Saitama","Japan",1542972,1504115,0.02583379595310209
387,"Guilin","China",1538844,1509244,0.019612468229126545
388,"Auckland","New Zealand",1536416,1521398,0.009871184266049937
389,"Kyoto","Japan",1534703,1522639,0.007923086168159399
390,"Medina","Saudi Arabia",1533929,1502387,0.02099459060814568
391,"Munich","Germany",1531842,1518364,0.00887665935177595
392,"Anshan","China",1531601,1523057,0.005609770350026189
393,"Samarinda","Indonesia",1526407,1451964,0.05127055491733956
394,"Hatay","Turkey",1525593,1543780,-0.011780823692495002
395,"Udon Thani","Thailand",1524495,1532179,-0.00501507983075089
396,"Niamey","Niger",1523856,1476343,0.03218290058611051
397,"Goiania","Brazil",1523855,1503256,0.013702922190232503
398,"Allahabad","India",1521127,1498295,0.015238654604066593
399,"Nakhon Si Thammarat","Thailand",1520118,1525598,-0.0035920340745071444
400,"Matola","Mozambique",1519759,1455817,0.04392172917337822
401,"Amritsar","India",1515021,1490287,0.01659680316610146
402,"Tripoli","Libya",1506832,1480812,0.0175714405339773
403,"Qom","Iran",1502321,1469083,0.02262499804299689
404,"Chagang Province","North Korea",1501329,1489357,0.008038368235419702
405,"Harare","Zimbabwe",1494371,1493716,0.00043850370485420953
406,"Maoming","China",1491028,1460490,0.02090942081082381
407,"Manisa","Turkey",1490486,1482900,0.005115651763436535
408,"Bareilly","India",1490250,1449750,0.027935851008794588
409,"Binh Dinh","Vietnam",1487235,1487190,0.000030258406793937098
410,"Zhangjiakou","China",1479923,1456500,0.01608170271198084
411,"Mombasa","Kenya",1478607,1436577,0.02925704643746907
412,"Heze","China",1475478,1445193,0.020955678584106074
413,"Kayseri","Turkey",1470263,1461333,0.0061108590581338
414,"Bay","Somalia",1470012,1398319,0.051270847353143356
415,"Chandigarh","India",1468323,1433694,0.024153689699475622
416,"Damascus","Syria",1461290,1459149,0.001467293607438247
417,"Quang Ninh","Vietnam",1458801,1438163,0.01435025097989584
418,"Chaozhou","China",1452592,1419495,0.023316038450293952
419,"Jieyang","China",1452295,1417397,0.024621189405649835
420,"Yichang","China",1452027,1424074,0.01962889568940951
421,"Sanaa","Yemen",1451676,1421835,0.020987667345367056
422,"Greater Muscat","Oman",1451287,1452750,-0.001007055584236749
423,"Aligarh","India",1448230,1404182,0.03136915300153409
424,"Hiroshima","Japan",1447743,1403305,0.031666672605028756
425,"Changshu","China",1447575,1411413,0.025621132864724894
426,"Moradabad","India",1445424,1399218,0.033022731268465666
427,"Prague","Czechia",1438705,1397880,0.02920493890748843
428,"Awdal","Somalia",1434110,1364167,0.051271581851782155
429,"Nanchong","China",1433721,1403843,0.021283006717987663
430,"Daejeon","South Korea",1430621,1440098,-0.006580802139854347
431,"Si Sa Ket","Thailand",1429315,1435287,-0.004160840305806435
432,"Xinxiang","China",1427659,1401607,0.01858723593703515
433,"Dhanbad","India",1423304,1406906,0.011655362902709854
434,"Bukavu","DR Congo",1417332,1348208,0.051271020495353925
435,"Qingyuan","China",1416880,1380330,0.0264791752696818
436,"Songkhla","Thailand",1415421,1416893,-0.001038892845119599
437,"Thai Nguyen","Vietnam",1415283,1396164,0.013693949994413313
438,"San Diego","United States",1410522,1406106,0.0033
439,"Mayo-Kebbi-Est","Chad",1410147,1360402,0.036566397285508145
440,"Belem","Brazil",1409651,1397315,0.0088283601049155
441,"Kharkiv","Ukraine",1406355,1410033,-0.0026084495894777016
442,"Porto Alegre","Brazil",1397153,1388794,0.006018891210647581
443,"Samsun","Turkey",1395789,1389066,0.0048399428104928255
444,"Logone-Oriental","Chad",1390235,1354300,0.026534002805877588
445,"Rosario","Argentina",1389856,1376696,0.009559118352926221
446,"Son La","Vietnam",1385243,1364815,0.01496759634089595
447,"Jiaxing","China",1383109,1350644,0.02403668176070073
448,"Fuyang","China",1383005,1351139,0.023584546075570367
449,"Bhubaneswar","India",1381168,1340823,0.03008972847273661
450,"Lam Dong","Vietnam",1379374,1367279,0.00884603654411431
451,"Milan","Italy",1370242,1366155,0.002991607833664478
452,"Guarulhos","Brazil",1368784,1349100,0.014590467719220124
453,"Mysore","India",1367944,1338852,0.021729063406560334
454,"Togdheer","Somalia",1365711,1299104,0.051271491735842556
455,"Samut Prakan","Thailand",1363410,1357989,0.003991932187963121
456,"Huainan","China",1361846,1344141,0.013171981213280448
457,"Saharanpur","India",1358665,1300580,0.044660843623614
458,"Tangier","Morocco",1353411,1313841,0.03011779964242245
459,"Aden","Yemen",1351170,1301168,0.038428550348609924
460,"Noida","India",1349105,1283308,0.051271401721176835
461,"Hung Yen","Vietnam",1348243,1334165,0.010551918240997216
462,"Bari","Somalia",1347688,1281961,0.05127067048061518
463,"Da Nang City","Vietnam",1346940,1314283,0.024847768707348505
464,"Xianyang","China",1345027,1319652,0.019228554194590686
465,"Ahvaz","Iran",1344918,1327976,0.01275776068242207
466,"Lilongwe","Malawi",1344144,1293621,0.03905548843131035
467,"Kazan","Russia",1341141,1329825,0.008509390333314437
468,"Surin","Thailand",1339850,1347652,-0.005789328402287852
469,"Dallas","United States",1336440,1329491,0.0042
470,"Anyang","China",1336053,1311340,0.018845608309058015
471,"Ha Tinh","Vietnam",1333990,1327448,0.0049282533101109305
472,"Kaifeng","China",1332913,1309728,0.017702148843118604
473,"Zapopan","Mexico",1332076,1319354,0.009642597816810428
474,"Shubra el-Kheima","Egypt",1331568,1312679,0.014389656572551202
475,"Dublin","Ireland",1327053,1310798,0.01240084284535059
476,"Nonthaburi","Thailand",1326991,1316529,0.007946653662775471
477,"Tbilisi","Georgia",1326701,1306000,0.015850689127105744
478,"Hengyang","China",1325705,1302276,0.01799080993583546
479,"Dazhou","China",1325313,1293730,0.024412358065438733
480,"Rizhao","China",1325199,1295529,0.022901841641522536
481,"Guadalajara","Mexico",1323777,1333889,-0.007580840684644707
482,"Shymkent","Kazakhstan",1322619,1277633,0.035210424276768126
483,"Mwanza","Tanzania",1320718,1262994,0.04570409677322296
484,"Taguig City","Philippines",1312651,1255568,0.04546388566768189
485,"Ben Tre","Vietnam",1311725,1308376,0.0025596617486105533
486,"Tiruchirappalli","India",1311095,1289545,0.01671132065961256
487,"Amran","Yemen",1309438,1285848,0.018345869807317783
488,"Bhilai","India",1307236,1289434,0.013806057541525973
489,"Padang","Indonesia",1301164,1262179,0.03088706118545792
490,"Adelaide","Australia",1299185,1288350,0.008409981759615048
491,"Balikesir","Turkey",1296268,1286142,0.007873158640336664
492,"Tangerang Selatan","Indonesia",1290322,1290322,0
493,"Shiliguri","India",1288056,1237396,0.040940814419959226
494,"Laheg","Yemen",1288050,1254656,0.026616060497857585
495,"Luzhou","China",1286949,1260537,0.020952974803595703
496,"Montevideo","Uruguay",1285414,1291234,-0.00450731625716172
497,"Khanh Hoa","Vietnam",1285319,1277430,0.006175680859225263
498,"Edmonton","Canada",1284480,1238295,0.0372972514626968
499,"Suqian","China",1280787,1247583,0.026614662110657106
500,"Zhenjiang","China",1278222,1252487,0.02054711945113996
501,"Yueyang","China",1277946,1252530,0.020291729539412273
502,"Binh Thuan","Vietnam",1277521,1270740,0.005336260761445999
503,"Barranquilla","Colombia",1275854,1279344,-0.002727960579797184
504,"Dushanbe","Tajikistan",1274774,1258687,0.012780778700343998
505,"Roi Et","Thailand",1271250,1275887,-0.003634334388546989
506,"Vinh Phuc","Vietnam",1270550,1252764,0.014197406694317571
507,"Can Tho City","Vietnam",1268975,1264090,0.003864440031959848
508,"Ba Ria - Vung Tau","Vietnam",1267981,1250151,0.014262277116924293
509,"Brussels","Belgium",1264392,1255795,0.006845862581074114
510,"Touba Mosquee","Senegal",1262721,1213531,0.04053460521404073
511,"Yibin","China",1261709,1234881,0.02172517027956533
512,"Zhangjiagang","China",1255134,1221927,0.02717592785821088
513,"Changde","China",1254536,1228900,0.020860932541297172
514,"Huzhou","China",1251744,1223779,0.022851348160084495
515,"Kaduna","Nigeria",1249777,1219662,0.02469126692477097
516,"Baoji","China",1248457,1224998,0.019150235347322964
517,"Tay Ninh","Vietnam",1246845,1235440,0.009231528848021808
518,"Tekirdag","Turkey",1245788,1216122,0.024393934161210717
519,"Lu'an","China",1244413,1215334,0.02392675593705107
520,"Barquisimeto","Venezuela",1243395,1220082,0.019107732103252006
521,"Pathum Thani","Thailand",1242738,1229696,0.010605873321536397
522,"Quang Ngai","Vietnam",1242253,1240739,0.0012202405179493336
523,"Lower Shabelle","Somalia",1242154,1238776,0.0027268852480191175
524,"Chifeng","China",1240315,1215774,0.0201854950015381
525,"Ouaddai","Chad",1237856,1207463,0.025170957619405243
526,"Salem","India",1237581,1213127,0.020157823541970377
527,"Tasikmalaya","Indonesia",1232273,1175332,0.04844673675182842
528,"Suwon","South Korea",1229432,1226197,0.0026382383907317397
529,"Logone-Occidental","Chad",1229161,1197390,0.026533543791078973
530,"Guwahati","India",1226141,1206497,0.016281847364726154
531,"Klang","Malaysia",1223344,1198877,0.02040826540170504
532,"Sendai","Japan",1222410,1200500,0.018250728862973853
533,"Lianyungang","China",1221093,1196081,0.020911627222571116
534,"Ottawa","Canada",1218903,1188114,0.02591417995242873
535,"Krasnoyarsk","Russia",1218072,1211756,0.005212270457088719
536,"Fushun","China",1215614,1217826,-0.0018163514327991237
537,"Nyala","Sudan",1212545,1153408,0.05127153617800473
538,"Jinhua","China",1211434,1183019,0.024019056329610988
539,"Bishkek","Kyrgyzstan",1208292,1181213,0.022924739229927216
540,"Changhua County","Taiwan",1207402,1216504,-0.0074820962364283705
541,"Sofia","Bulgaria",1205833,1205690,0.00011860428468346562
542,"Campinas","Brazil",1201814,1187974,0.011650086618057331
543,"Bandar Lampung","Indonesia",1201620,1177865,0.02016784606045685
544,"Birmingham","United Kingdom",1199447,1191506,0.006664674789719882
545,"Fez","Morocco",1197675,1190296,0.006199298325794578
546,"Bengbu","China",1197039,1177150,0.016895892622010855
547,"Shangqiu","China",1196775,1169166,0.02361426863251248
548,"Yongin","South Korea",1194265,1172041,0.018961793998674148
549,"Amsterdam","Netherlands",1193995,1182207,0.009971181019905906
550,"Nizhny Novgorod","Russia",1191543,1198245,-0.005593180025787681
551,"Aydin","Turkey",1190588,1178201,0.01051348623876569
552,"Hwaseong","South Korea",1189035,1131045,0.0512711695821122
553,"Arequipa","Peru",1188831,1172646,0.013802119309663796
554,"Ca Mau","Vietnam",1185829,1187061,-0.001037857363690664
555,"Jalandhar","India",1184875,1161116,0.020462210494041955
556,"Yuyao","China",1183899,1155561,0.024523153688987387
557,"Jerusalem","Israel",1181759,1135109,0.04109737478955755
558,"Rui'an","China",1181327,1153228,0.02436552008796178
559,"Tandjile","Chad",1180751,1150230,0.02653469306138767
560,"Kirkuk","Iraq",1179748,1151566,0.024472761439639612
561,"Changzhi","China",1177708,1156000,0.01877854671280277
562,"Zhaoqing","China",1177389,1153793,0.020450808767257245
563,"Doha","Qatar",1177142,1119732,0.05127119703643368
564,"Chelyabinsk","Russia",1176482,1176770,-0.0002447377142517082
565,"Tegucigalpa","Honduras",1176079,1161199,0.012814341038874577
566,"Xinyang","China",1175268,1148531,0.02327930199533146
567,"Liaocheng","China",1172346,1147026,0.022074477823519345
568,"Krasnodar","Russia",1171347,1154885,0.0142542331054607
569,"Kermanshah","Iran",1170300,1145741,0.021435036365112126
570,"Ufa","Russia",1168899,1166098,0.002402027959914177
571,"Bogor","Indonesia",1166120,1151302,0.012870645582132134
572,"Islamabad","Pakistan",1162454,1144312,0.015854067771726488
573,"Thua Thien - Hue","Vietnam",1158385,1154086,0.003725025691326378
574,"Chiang Rai","Thailand",1156893,1159442,-0.0021984713336242745
575,"Pingdingshan","China",1154625,1136516,0.015933783598295115
576,"Panama City","Panama",1150444,1144619,0.005089029624704811
577,"Samara","Russia",1149513,1154223,-0.0040806672540748545
578,"Monterrey","Mexico",1147439,1146690,0.000653184382875871
579,"Sakarya","Turkey",1146358,1128406,0.015909167445050887
580,"Rostov-na-Donu","Russia",1145765,1143123,0.0023112123542261553
581,"Ciudad Guayana","Venezuela",1145236,1105320,0.03611261897007201
582,"Ashgabat","Turkmenistan",1142396,1113214,0.026214187029627745
583,"Toamasina","Madagascar",1140652,1085022,0.05127084980765373
584,"Qujing","China",1138594,1111522,0.024355793227664346
585,"Soc Trang","Vietnam",1138440,1146990,-0.007454293411450874
586,"Mandalay","Myanmar",1137220,1149791,-0.010933291354689678
587,"Sargodha","Pakistan",1133818,1078521,0.051271138902255986
588,"Sakon Nakhon","Thailand",1133052,1135793,-0.002413291858639699
589,"Trujillo","Peru",1129355,1102337,0.02450974611212353
590,"Oslo","Norway",1127502,1110887,0.01495651672942433
591,"Mugla","Turkey",1125767,1103599,0.020087006240491423
592,"Mudug","Somalia",1122067,1081070,0.03792261370679051
593,"Mandoul","Chad",1120383,1091423,0.026534166862893782
594,"Kahramanmaras","Turkey",1120094,1127078,-0.006196554275746613
595,"Warangal","India",1117784,1088772,0.02664653389323024
596,"Zamboanga","Philippines",1116376,1090415,0.02380836653934515
597,"Goyang","South Korea",1116116,1104024,0.010952660449410567
598,"Nasarawa","Nigeria",1110822,1076811,0.03158492994592366
599,"Jinzhou","China",1109015,1094425,0.013331201315759378
600,"Van","Turkey",1108489,1113278,-0.004301710803590875
601,"Nan'an","China",1106923,1078585,0.026273311792765597
602,"Puning","China",1104199,1076111,0.026101396603138483
603,"Sao Luis","Brazil",1104099,1089215,0.013664887097588618
604,"Tshikapa","DR Congo",1101036,1047338,0.05127093641212288
605,"Ulsan","South Korea",1099092,1105065,-0.005405111916493621
606,"Omsk","Russia",1098258,1101367,-0.00282285559672657
607,"Chiba","Japan",1095991,1074822,0.01969535420748736
608,"Cancun","Mexico",1094413,1057105,0.035292615208517564
609,"Dongying","China",1092627,1070739,0.02044195644316682
610,"Tengzhou","China",1091187,1065562,0.02404834256476862
611,"Chaiyaphum","Thailand",1091126,1097462,-0.0057733206252243985
612,"Panjin","China",1090457,1072118,0.01710539324962368
613,"Yueqing","China",1089512,1066191,0.021873191576368578
614,"Binh Phuoc","Vietnam",1089288,1075241,0.013064047966920844
615,"Jiujiang","China",1088544,1066691,0.020486720146696724
616,"Hawalli","Kuwait",1086569,1052408,0.032459844470965615
617,"Dehra Dun","India",1085088,1054450,0.029055905922518832
618,"Guigang","China",1084994,1057735,0.025771105239024816
619,"Solapur","India",1083818,1074455,0.008714185331167856
620,"Yerevan","Armenia",1083688,1084436,-0.0006897594694385001
621,"Xiangtan","China",1083681,1066068,0.016521460169520052
622,"Jambi","Indonesia",1082872,1033836,0.04743112060326782
623,"Ar-Rayyan","Qatar",1079797,1027134,0.05127179121711478
624,"Shiyan","China",1078127,1057591,0.01941771440944562
625,"Gasabo","Rwanda",1074230,1021839,0.05127128637681677
626,"Denizli","Turkey",1071858,1066602,0.004927798747799139
627,"Surat Thani","Thailand",1070934,1069437,0.0013998019518681737
628,"Maputo","Mozambique",1067522,1068932,-0.00131907361740502
629,"Hamamatsu","Japan",1067358,1015302,0.051271444358427454
630,"Niigata","Japan",1065410,1013449,0.051271450265380825
631,"Wenling","China",1064904,1040906,0.02305491562158357
632,"Managua","Nicaragua",1064326,1061245,0.0029031938901951104
633,"Dakar","Senegal",1063571,1055205,0.007928317246411742
634,"Sialkot","Pakistan",1059380,1007714,0.05127049936787631
635,"Nezahualcoyotl","Mexico",1053975,1057069,-0.002926961248508886
636,"Liuyang","China",1053117,1025307,0.027123583473047663
637,"Suzhou","China",1051120,1029387,0.021112565050850574
638,"Fort Worth","United States",1049355,1028117,0.0215
639,"Moyen-Chari","Chad",1048927,1021814,0.0265341833249495
640,"Port Elizabeth","South Africa",1047642,1035254,0.011966145506320247
641,"Ifo","Nigeria",1047201,1013013,0.03374882652048883
642,"Jingzhou","China",1046117,1030133,0.015516443022405735
643,"Ninh Binh","Vietnam",1045500,1036257,0.008919601990625914
644,"Erbil","Iraq",1042850,1020815,0.021585693783888305
645,"Kitakyushu","Japan",1036944,1019943,0.016668578538212353
646,"Yixing","China",1035678,1011377,0.024027637567395788
647,"Marrakesh","Morocco",1032938,1023835,0.008891081082400998
648,"Jacksonville","United States",1032061,1017689,0.0136
649,"Cologne","Germany",1031939,1028273,0.0035652010701439085
650,"Chari-Baguirmi","Chad",1031832,1005161,0.026534057728065497
651,"Hengshui","China",1030124,1006014,0.023965869262256856
652,"Qiqihar","China",1028891,1028996,-0.00010204121298817981
653,"Perm","Russia",1028128,1027518,0.0005936635659911094
654,"Dhale","Yemen",1026760,990984,0.036101491043246
655,"Langfang","China",1026427,1003104,0.023250829425463415
656,"Ado-Odo/Ota","Nigeria",1024015,990585,0.03374773492431249
657,"Vinh Long","Vietnam",1021452,1021643,-0.00018695375977717532
658,"Merida","Mexico",1020794,1003580,0.017152593714502062
659,"Bauchi","Nigeria",1019100,982835,0.0368983603555022
660,"Kolwezi","DR Congo",1015129,978909,0.03700037490716701
661,"Yulin","China",1013931,991202,0.022930744691798344
662,"Tra Vinh","Vietnam",1013500,1012880,0.0006121159466077053
663,"Austin","United States",1011743,1002632,0.0084
664,"Hadjer Lamis","Chad",1011198,985061,0.02653338219663559
665,"Cartagena","Colombia",1010995,1011520,-0.0005190208794685347
666,"Maceio","Brazil",1008806,994952,0.013924289814986057
667,"Odessa","Ukraine",1007310,1008116,-0.0007995111673656519
668,"Pizhou","China",1006556,980599,0.026470555242255056
669,"Volgograd","Russia",1005584,1012219,-0.006554905608371353
670,"Stockholm","Sweden",1004498,1000026,0.004471883731022919
671,"Cebu","Philippines",1003705,996047,0.007688392214423523
672,"Chihuahua","Mexico",1003587,990176,0.013544056814142058
673,"Santo Domingo","Dominican Republic",1001525,1008351,-0.006769468171301418
674,"Gombak","Malaysia",999678,989942,0.009834919621553695
675,"Libreville","Gabon",997953,971517,0.027211052405670788
676,"Firozabad","India",996429,963746,0.033912462412295286
677,"Guntur","India",996039,970062,0.026778700742839057
678,"Changwon","South Korea",994675,1000378,-0.005700845080559569
679,"Malang","Indonesia",990995,979351,0.011889506418025775
680,"Homs","Syria",989436,970896,0.019095763088940565
681,"Central Region","Singapore",989400,975290,0.014467491720411285
682,"Nakhon Sawan","Thailand",986863,996709,-0.009878510176992483
683,"North-East Region","Singapore",985599,974650,0.011233776227363768
684,"San Jose","United States",984378,989814,-0.0042
685,"Bahawalpur","Pakistan",983800,956374,0.028677065666778967
686,"Charlotte","United States",982070,964784,0.0194
687,"Mayo-Kebbi-Ouest","Chad",978896,966890,0.012417131214512489
688,"Okayama","Japan",978231,930522,0.05127122195928746
689,"Xuchang","China",977783,956553,0.022194274650751078
690,"Campo Grande","Brazil",977305,962883,0.014977936052459118
691,"Al Bayda","Yemen",976898,953822,0.02419319327924918
692,"Zhangzhou","China",975922,954150,0.022818215165330447
693,"Saltillo","Mexico",973048,954041,0.01992262387046262
694,"Puducherry","India",972939,947822,0.02649970142073088
695,"Kumamoto","Japan",972195,928728,0.046802723725353435
696,"Soshanguve","South Africa",971322,952833,0.019404239777589538
697,"Sao Goncalo","Brazil",970217,960196,0.010436410899441473
698,"Dezhou","China",969233,948256,0.02212166334829413
699,"Narayanganj","Bangladesh",967951,967951,0
700,"Suining","China",966024,943246,0.024148525411186395
701,"Cherthala","India",964763,917711,0.05127104284464279
702,"Jiaozuo","China",964708,949712,0.01579005003622158
703,"Malegaon","India",963915,931458,0.03484537144992039
704,"Yangjiang","China",962285,945170,0.01810785361363565
705,"Aguascalientes","Mexico",961885,944814,0.018068106526787364
706,"Zigong","China",960978,945576,0.016288484479301424
707,"Guera","Chad",960359,935536,0.026533452480717035
708,"Ha Giang","Vietnam",959451,943732,0.016656211721124192
709,"Sale","Morocco",956437,950752,0.005979477297970437
710,"Dnepropetrovsk","Ukraine",956435,959438,-0.003129957329186417
711,"Kalasin","Thailand",956122,959855,-0.003889129087205845
712,"Hermosillo","Mexico",952790,935850,0.018101191430250685
713,"Bo","Sierra Leone",951244,908762,0.04674711310552149
714,"Farwaniya","Kuwait",951048,916809,0.037345837573584006
715,"West Region","Singapore",950925,944490,0.006813200775021455
716,"Chenzhou","China",949612,927991,0.023298717336698305
717,"Bhiwandi","India",947629,931770,0.017020294707921435
718,"Puyang","China",946565,926204,0.02198327798195643
719,"Phetchabun","Thailand",946454,952625,-0.0064778900406771145
720,"Luohe","China",945433,922485,0.02487628525125074
721,"Bac Lieu","Vietnam",944515,939097,0.005769372066996237
722,"Columbus","United States",944402,938396,0.0068
723,"Oran","Algeria",942340,934022,0.008905571817366287
724,"Huaibei","China",941507,923071,0.019972461489961235
725,"Kinta","Malaysia",940702,931960,0.009380230911197884
726,"Kenema","Sierra Leone",940607,904280,0.040172291768036494
727,"Dodoma","Tanzania",934592,889011,0.05127158156648237
728,"Quang Binh","Vietnam",932594,927192,0.005826193496061283
729,"Blantyre","Malawi",932232,914614,0.0192627709613018
730,"Balikpapan","Indonesia",931342,898727,0.03629021938809007
731,"Xinzheng","China",931063,907143,0.026368499784488186
732,"San Luis Potosi","Mexico",929701,915186,0.015860163944815486
733,"Danyang","China",928260,905647,0.024968889644640724
734,"Mahweet","Yemen",927551,901412,0.028997838946009047
735,"Lubango","Angola",920395,905389,0.01657409135741661
736,"Maha Sarakham","Thailand",920112,925980,-0.006337069915116955
737,"Mardin","Turkey",919553,907655,0.013108504883463379
738,"Teresina","Brazil",917154,905692,0.012655516444884052
739,"Carrefour","Haiti",916440,876571,0.04548291011224426
740,"Guatemala City","Guatemala",914057,915219,-0.0012696414737893846
741,"Nakhon Pathom","Thailand",910903,910759,0.00015810988417364058
742,"Joao Pessoa","Brazil",909771,897633,0.01352223013191356
743,"Leshan","China",907524,890073,0.019606257014874062
744,"Wadi Fira","Chad",906887,883445,0.02653475881350853
745,"Ningxiang","China",906498,881928,0.027859417095273065
746,"Kayamkulam","India",906006,861820,0.0512705669397322
747,"Hoa Binh","Vietnam",905939,898350,0.008447709689987093
748,"Nellore","India",905379,876689,0.03272540205249519
749,"Muzaffarnagar","India",904997,869380,0.04096827624283983
750,"Naples","Italy",904846,908082,-0.003563554833153848
751,"Ha Nam","Vietnam",904485,896914,0.008441166042675308
752,"Indianapolis","United States",904128,901116,0.0032
753,"Sanhe","China",902355,878647,0.026982394522487407
754,"Nampula","Mozambique",901210,871021,0.034659325090899085
755,"Fianarantsoa","Madagascar",900579,856657,0.051271395669445274
756,"Culiacan","Mexico",900192,884203,0.018082951539408976
757,"Queretaro","Mexico",899442,881089,0.020829904810978128
758,"Rugao","China",898514,875742,0.026003092234927694
759,"Lower Juba","Somalia",898128,854326,0.05127082635902447
760,"Qinzhou","China",895901,875093,0.023778044162163336
761,"Soacha","Colombia",895878,870077,0.029653697316444516
762,"Marseille","France",895713,892477,0.003625863747749314
763,"Orumiyeh","Iran",895630,878247,0.01979283732253001
764,"El Alto","Bolivia",894833,890318,0.00507122174324226
765,"Mahajanga","Madagascar",894588,850958,0.05127162562664678
766,"Shaoguan","China",893450,878438,0.017089424637823036
767,"Rotterdam","Netherlands",893315,888221,0.00573505918009154
768,"Seongnam","South Korea",890939,896046,-0.0056994841782676
769,"The Hague","Netherlands",890068,882116,0.009014687410725974
770,"Imphal","India",886470,843237,0.05127028344344464
771,"Najaf","Iraq",885805,867171,0.021488264713649396
772,"Zhuji","China",885542,865105,0.0236237219759452
773,"Saratov","Russia",884967,886165,-0.0013518927062116104
774,"Tyumen","Russia",883196,872077,0.012750020927051242
775,"Yen Bai","Vietnam",882643,873566,0.010390743229475419
776,"Cheongju","South Korea",882558,877959,0.005238285614704186
777,"Abomey-calavi","Benin",880892,863589,0.020036151456306106
778,"Phu Yen","Vietnam",880556,879468,0.0012371115265137345
779,"Zhumadian","China",879030,858245,0.024218026321155328
780,"Donetsk","Ukraine",878479,884214,-0.00648598642410092
781,"Sool","Somalia",877835,835023,0.05127044404764902
782,"Ma'anshan","China",876044,860805,0.017703196426600787
783,"Duque de Caxias","Brazil",874059,866225,0.009043839649051977
784,"Fuqing","China",872088,850869,0.024938033939419624
785,"Cagayan de Oro","Philippines",871916,851969,0.02341282370602693
786,"Mexicali","Mexico",871857,868886,0.0034193208315014267
787,"Toliara","Madagascar",871417,828917,0.05127171960521992
788,"Thoothukkudi","India",871416,828917,0.051270513211817415
789,"Batha","Chad",871343,848821,0.026533273799776325
790,"Maiduguri","Nigeria",870475,849941,0.02415932400013654
791,"Winnipeg","Canada",870032,850260,0.02325406346294079
792,"Tirupati","India",867134,831477,0.042883928238544256
793,"Bozhou","China",866901,847512,0.022877552176252314
794,"Haining","China",865999,847129,0.022275237891749677
795,"Bangui","Central African Republic",865084,854548,0.012329324976478873
796,"Xintai","China",865020,849970,0.017706507288492546
797,"Bikaner","India",864701,847915,0.0197967956693772
798,"Huambo","Angola",863635,849964,0.016084210625391115
799,"Cangzhou","China",862758,845532,0.020372972282539203
800,"Leeds","United Kingdom",860894,853005,0.009248480372330725
801,"Sakai","Japan",860573,854739,0.006825475379033774
802,"Pasig","Philippines",860541,850396,0.011929736264046475
803,"Yiyang","China",859991,843061,0.02008158365764756
804,"Turin","Italy",858756,856745,0.0023472561847457385
805,"Mudanjiang","China",858142,849821,0.009791473733880451
806,"Tianshui","China",855539,838432,0.020403562841113
807,"Laiwu","China",851698,836655,0.01797993199108361
808,"Sao Bernardo do Campo","Brazil",851501,841154,0.012300957969646475
809,"Zoucheng","China",851319,835422,0.01902870645015331
810,"Xiaogan","China",850542,832527,0.02163893783625026
811,"Valencia","Spain",850475,840792,0.011516522516864969
812,"Western Area Rural","Sierra Leone",850225,808759,0.05127114505062691
813,"Port Harcourt","Nigeria",848279,829227,0.022975614638693687
814,"Morelia","Mexico",847289,828994,0.022068917265987364
815,"Huludao","China",845196,831703,0.016223339341086884
816,"Valenzuela","Philippines",842975,819808,0.02825905577891419
817,"Annaba","Algeria",842913,801804,0.051270634718709296
818,"Karbala","Iraq",842600,824979,0.021359331570864226
819,"Santo Domingo Este","Dominican Republic",842570,885769,-0.04877005178551064
820,"Nova Iguacu","Brazil",840120,843220,-0.003676383387490767
821,"Benghazi","Libya",837509,824899,0.015286719949957561
822,"Xiantao","China",836056,822072,0.01701067546394963
823,"Ryanggang Province","North Korea",829830,823264,0.007975570412407151
824,"Tuyen Quang","Vietnam",829734,823163,0.007982623125674992
825,"Ratchaburi","Thailand",828345,831023,-0.003222534153687673
826,"Amravati","India",826785,813385,0.016474363308888185
827,"Tamale","Ghana",826457,786150,0.05127138586783686
828,"Benxi","China",825423,822556,0.0034854769766434757
829,"Lao Cai","Vietnam",824254,810145,0.01741540094674421
830,"Shabwah","Yemen",822520,801895,0.025720324980203157
831,"Narathiwat","Thailand",821277,819181,0.0025586530937606877
832,"Bucheon","South Korea",820550,822636,-0.0025357509275062418
833,"Cotonou","Benin",820199,809328,0.01343213134847665
834,"Liaoyang","China",819706,810506,0.011350933861069556
835,"Gorakhpur","India",819161,810225,0.011029035144558552
836,"Phra Nakhon Si Ayutthaya","Thailand",818496,818436,0.00007331055818649013
837,"Lang Son","Vietnam",818001,812707,0.006514032732583885
838,"Santiago","Dominican Republic",817130,805540,0.014387864041512488
839,"Phitsanulok","Thailand",815655,822343,-0.008132859402949832
840,"Zanzibar","Tanzania",815650,787795,0.0353581832837222
841,"Krakow","Poland",814595,811787,0.0034590354366355047
842,"Kurnool","India",812749,785179,0.035113012446843284
843,"San Francisco","United States",812530,826079,-0.0123
844,"Port Said","Egypt",811334,804753,0.008177664451080036
845,"Kanchanaburi","Thailand",811072,812501,-0.0017587670661328714
846,"Zarqa","Jordan",811032,793209,0.022469487865115045
847,"Middle Shabelle","Somalia",810060,780185,0.03829219992694033
848,"Nakuru","Kenya",809825,770329,0.051271599537340506
849,"Erode","India",808182,784960,0.029583673053404036
850,"Suphan Buri","Thailand",807675,812738,-0.0062295598335503355
851,"Belgaum","India",807428,792505,0.018830165109368302
852,"Djibouti","Djibouti",806174,786712,0.02473840490547996
853,"Sagamihara","Japan",804396,790673,0.0173561004359577
854,"Gaza","Palestine",801829,780795,0.026939209395552055
855,"Brampton","Canada",801732,777759,0.03082317273088453
856,"Cilegon","Indonesia",801473,762385,0.05127068344733954
857,"Sulaymaniyah","Iraq",800636,783950,0.02128452069647291
858,"Thessaloniki","Greece",800279,800701,-0.0005270381827923165
859,"Kathmandu","Nepal",799560,811750,-0.015016938712657857
860,"Uige","Angola",797037,785068,0.015245813101540273
861,"Ningi","Nigeria",796827,768467,0.03690464261965709
862,"Hempstead","United States",796269,795734,0.0012
863,"Cuttack","India",796035,786405,0.012245598641921207
864,"Bissau","Guinea-Bissau",795519,762610,0.043153118894323494
865,"Nanded","India",795171,775908,0.024826396943967488
866,"Natal","Brazil",794236,784249,0.012734475912624665
867,"La Plata","Argentina",793393,783894,0.012117709792395459
868,"Seattle","United States",792909,784777,0.0114
869,"Cucuta","Colombia",792180,793211,-0.001299780260233363
870,"Dandong","China",791551,784456,0.00904448433054239
871,"Shizuoka","Japan",790713,773592,0.0221318214252475
872,"Gusau","Nigeria",788471,760584,0.03666524670516336
873,"Santo Andre","Brazil",787336,782048,0.006761733295143069
874,"Beira","Mozambique",787007,762511,0.032125438190399924
875,"Namyangju","South Korea",785876,770135,0.020439273633843458
876,"Rayong","Thailand",785287,776748,0.010993269374365955
877,"Asmara","Eritrea",783135,763888,0.025196102046373348
878,"Dala","Nigeria",779914,756036,0.031583152125031155
879,"Pingtung County","Taiwan",777632,783414,-0.007380516559571282
880,"Mangalore","India",775950,764745,0.014651942804464246
881,"Lac","Chad",773823,753821,0.026534150680333823
882,"Uberlandia","Brazil",773113,761835,0.014803730466570908
883,"Sorocaba","Brazil",772636,762172,0.013729184488540547
884,"Gulbarga","India",770352,752612,0.023571242552603566
885,"Bandar-e Abas","Iran",769280,740675,0.03862017754075664
886,"Frankfurt am Main","Germany",768993,762479,0.008543186107420553
887,"Mississauga","Canada",768794,764597,0.005489166188201056
888,"Rangpur","Bangladesh",767808,752550,0.02027506477974894
889,"Rasht","Iran",767757,758493,0.012213692150092381
890,"Raymah","Yemen",767102,744257,0.030695042169573084
891,"Bhavnagar","India",767083,755114,0.01585058679881457
892,"Naucalpan de Juarez","Mexico",766781,768346,-0.002036842776561576
893,"Mathura","India",766748,740715,0.03514577131555319
894,"Osasco","Brazil",766039,759524,0.008577740795550959
895,"Nansana","Uganda",765307,727982,0.05127187210672801
896,"Pontianak","Indonesia",764605,749427,0.020252806477482066
897,"Chimalhuacan","Mexico",764059,753565,0.013925806002136554
898,"Antsiranana","Madagascar",762066,724899,0.05127197030206965
899,"Reynosa","Mexico",761114,749053,0.016101664368209034
900,"Kagoshima","Japan",759762,729048,0.04212891332257951
901,"Al Jawf","Yemen",759463,741141,0.02472134182294594
902,"San Pedro Sula","Honduras",759021,739236,0.026764118630586253
903,"Afyonkarahisar","Turkey",758932,754550,0.005807434894970598
904,"Bujumbura","Burundi",758892,744352,0.01953376896951986
905,"La Paz","Bolivia",757431,757431,0
906,"Kottayam","India",756408,719518,0.05127043381819485
907,"Zagreb","Croatia",755938,758163,-0.002934725118477144
908,"Hofuf","Saudi Arabia",754103,747902,0.008291193231198646
909,"Cheonan","South Korea",751921,739824,0.016351186228075854
910,"Vancouver","Canada",751644,740454,0.01511234999068134
911,"Goma","DR Congo",750627,714018,0.0512718166768904