ranking,title,location,number students,students staff ratio,perc intl students
1,University of Oxford,United Kingdom,"22,095",10.8,43%
2,Massachusetts Institute of Technology,United States,"11,836",8,33%
3,Harvard University,United States,"22,584",10,25%
4,Princeton University,United States,"8,378",7.8,23%
5,University of Cambridge,United Kingdom,"20,980",11.5,38%
6,Stanford University,United States,"16,963",5.9,23%
7,California Institute of Technology,United States,"2,397",6.4,32%
8,University of California Berkeley,United States,"42,423",18.7,25%
9,Imperial College London,United Kingdom,"21,000",12.1,60%
10,Yale University,United States,"14,401",6.2,22%
11,ETH Zurich,Switzerland,"22,883",15.8,44%
12,Tsinghua University,China,"38,289",11,9%
13,Peking University,China,"34,981",11.5,15%
14,The University of Chicago,United States,"16,373",6,38%
15,University of Pennsylvania,United States,"22,539",6.8,24%
16,Johns Hopkins University,United States,"21,735",5.8,32%
17,National University of Singapore,Singapore,"34,388",21,26%
18,Columbia University,United States,"30,541",5.9,40%
19,University of California Los Angeles,United States,"44,237",9.9,15%
20,Cornell University,United States,"25,528",10.5,26%
21,University of Toronto,Canada,"80,107",25.2,29%
22,UCL,United Kingdom,"41,935",11.1,61%
23,University of Michigan-Ann Arbor,United States,"47,787",8.5,18%
24,Carnegie Mellon University,United States,"15,312",13.1,46%
25,University of Washington,United States,"49,647",10,16%
26,Technical University of Munich,Germany,"34,907",41.8,43%
27,Duke University,United States,"17,180",4.3,22%
28,The University of Tokyo,Japan,"26,438",10.4,17%
29,University of Edinburgh,United Kingdom,"37,035",12.2,49%
30,Nanyang Technological University Singapore,Singapore,"26,044",17.1,29%
31,Northwestern University,United States,"19,922",8,20%
32,?cole Polytechnique F?d?rale de Lausanne,Switzerland,"12,432",12.5,64%
33,New York University,United States,"49,423",7.4,45%
34,University of California San Diego,United States,"39,993",11,21%
35,University of Hong Kong,Hong Kong,"18,010",18.4,45%
36,Fudan University,China,"38,462",12.3,9%
37,King¡¯s College London,United Kingdom,"35,360",14,53%
38,LMU Munich,Germany,"34,235",33,18%
39,University of Melbourne,Australia,"50,303",23.6,48%
40,Georgia Institute of Technology,United States,"34,116",31.4,31%
41,University of British Columbia,Canada,"59,931",19.3,34%
42,Paris Sciences et Lettres ? PSL Research University Paris,France,"16,016",14.9,21%
43,KU Leuven,Belgium,"50,447",37.5,20%
44,The Chinese University of Hong Kong,Hong Kong,"18,210",18.6,27%
45,McGill University,Canada,"30,051",11.3,30%
46,University of Illinois at Urbana-Champaign,United States,"50,655",19.7,25%
47,Universit?t Heidelberg,Germany,"19,632",13.3,21%
48,Zhejiang University,China,"50,206",12.1,15%
49,Karolinska Institute,Sweden,"8,005",9.9,28%
50,London School of Economics and Political Science,United Kingdom,"12,150",12.3,71%
51,University of Texas at Austin,United States,"50,047",16.6,9%
52,Shanghai Jiao Tong University,China,"40,159",12.4,9%
53,University of Manchester,United Kingdom,"42,160",15.1,46%
54,University of Science and Technology of China,China,"20,888",8,5%
55,Kyoto University,Japan,"21,707",9,11%
56,Delft University of Technology,Netherlands,"20,943",14.5,37%
57,University of Wisconsin-Madison,United States,"43,549",10.6,14%
58,Brown University,United States,"10,476",10.3,20%
59,Monash University,Australia,"54,821",32.6,37%
60,University of Amsterdam,Netherlands,"29,759",12.8,39%
61,The University of Sydney,Australia,"53,079",27.5,51%
62,Seoul National University,South Korea,"25,644",14.2,16%
63,University of California Davis,United States,"38,873",13.9,17%
64,Universit? Paris-Saclay,France,"32,679",15,24%
65,Nanjing University,China,"33,608",14.6,10%
66,The Hong Kong University of Science and Technology,Hong Kong,"9,534",16.5,44%
67,University of California Santa Barbara,United States,"25,442",27.6,17%
68,Wageningen University & Research,Netherlands,"15,976",17.4,29%
69,Washington University in St Louis,United States,"15,303",7.9,27%
70,University of North Carolina at Chapel Hill,United States,"35,049",8.7,9%
71,Institut Polytechnique de Paris,France,"6,062",6.7,43%
72,University of Southern California,United States,"44,180",14.2,27%
73,Australian National University,Australia,"17,100",14.8,48%
74,Leiden University,Netherlands,"34,614",18.4,22%
75,Boston University,United States,"28,939",11.7,32%
76,Sorbonne University,France,"40,340",14.1,22%
77,The University of Queensland,Australia,"41,249",37.6,42%
78,City University of Hong Kong,Hong Kong,"8,592",12.5,72%
79,University of Bristol,United Kingdom,"28,730",14.5,33%
80,Purdue University West Lafayette,United States,"41,612",18.7,20%
81,University of Groningen,Netherlands,"32,845",29.1,30%
82,Korea Advanced Institute of Science and Technology (KAIST),South Korea,"10,156",11.2,11%
83,UNSW Sydney,Australia,"46,165",35.6,41%
84,Humboldt University of Berlin,Germany,"34,916",58,18%
85,The Hong Kong Polytechnic University,Hong Kong,"20,387",22.3,35%
86,University of Massachusetts,United States,"62,044",12.8,14%
87,University of Glasgow,United Kingdom,"36,240",15.1,46%
88,University of Minnesota,United States,"58,835",12,9%
89,University of Bonn,Germany,"25,027",38.5,15%
90,University of California Irvine,United States,"35,218",15.5,25%
91,Vanderbilt University,United States,"12,863",3.8,18%
92,RWTH Aachen University,Germany,"29,050",37.1,31%
93,Charit? - Universit?tsmedizin Berlin,Germany,"9,229",18.1,21%
94,University of Birmingham,United Kingdom,"32,590",14.8,32%
95,KTH Royal Institute of Technology,Sweden,"13,113",15.6,26%
96,Lund University,Sweden,"23,754",10.5,21%
97,University of Copenhagen,Denmark,"30,962",4.2,14%
98,Emory University,United States,"13,718",4.2,19%
99,University of Sheffield,United Kingdom,"28,100",14.9,41%
100,Penn State (Main campus),United States,"47,253",14.6,15%
101,University of T?bingen,Germany,"21,337",27.8,15%
102,Sungkyunkwan University (SKKU),South Korea,"20,416",17,21%
103,Yonsei University (Seoul campus),South Korea,"19,235",14.4,12%
104,Free University of Berlin,Germany,"24,727",42.5,22%
105,University of Bern,Switzerland,"12,054",17.7,17%
106,University of Warwick,United Kingdom,"25,490",14.2,45%
107,Erasmus University Rotterdam,Netherlands,"31,847",22.1,25%
108,Lomonosov Moscow State University,Russia,"33,056",9.6,37%
109,University of Helsinki,Finland,"23,822",16.5,6%
110,Aarhus University,Denmark,"25,966",12.8,15%
111,University of Vienna,Austria,"30,739",37,32%
112,Ghent University,Belgium,"38,420",34.3,11%
113,Rice University,United States,"7,994",10.5,30%
114,University of Maryland College Park,United States,"33,914",16.9,9%
115,University of Southampton,United Kingdom,"23,135",14.7,43%
116,McMaster University,Canada,"28,046",29.4,22%
117,Ohio State University (Main campus),United States,"55,115",10.5,12%
118,University of Alberta,Canada,"34,169",23.9,27%
119,University of Oslo,Norway,"19,971",11.7,17%
120,Tohoku University,Japan,"17,218",12.3,12%
121,University of G?ttingen,Germany,"21,729",25.2,14%
122,Michigan State University,United States,"44,672",16.1,10%
123,University of Leeds,United Kingdom,"35,710",15.1,38%
124,Technical University of Denmark,Denmark,"10,492",8,30%
125,Universit? de Montr?al,Canada,"39,359",20.2,23%
126,University of Basel,Switzerland,"8,527",10.2,33%
127,University of Rochester,United States,"10,470",8.3,37%
128,University of Adelaide,Australia,"22,577",31.4,30%
129,University of Freiburg,Germany,"20,268",36.9,18%
130,University of Florida,United States,"47,534",15.9,10%
131,Uppsala University,Sweden,"24,313",12.6,18%
132,Maastricht University,Netherlands,"21,438",19.2,58%
133,University of Hamburg,Germany,"28,410",57.3,13%
134,University of Lausanne,Switzerland,"14,512",10.1,23%
135,Wuhan University,China,"49,929",13.8,6%
136,University of Arizona,United States,"47,926",19.6,7%
137,University of Nottingham,United Kingdom,"35,030",16.1,29%
138,Vrije Universiteit Amsterdam,Netherlands,"31,761",17.5,20%
139,Trinity College Dublin,Ireland,"19,659",23.2,39%
140,Technical University of Berlin,Germany,"20,260",48.2,28%
141,Queen Mary University of London,United Kingdom,"25,110",15.7,47%
142,University of Pittsburgh-Pittsburgh campus,United States,"27,456",5.5,10%
143,Radboud University Nijmegen,Netherlands,"23,582",17.5,13%
144,Texas A&M University,United States,"66,907",21.8,8%
145,University of Colorado Boulder,United States,"36,067",16.7,9%
146,Beijing Normal University,China,"27,882",14.8,8%
147,University of Bologna,Italy,"76,955",24.2,14%
148,University of York,United Kingdom,"20,135",15.3,31%
149,The University of Western Australia,Australia,"19,214",22.9,26%
150,University of Barcelona,Spain,"45,402",15.2,12%
151,Pohang University of Science and Technology (POSTECH),South Korea,"3,245",10.5,8%
152,Harbin Institute of Technology,China,"31,224",10.6,4%
153,University of Auckland,New Zealand,"34,626",24.4,31%
154,Scuola Normale Superiore di Pisa,Italy,674,8,11%
155,Tongji University,China,"31,767",11.3,20%
156,University of Technology Sydney,Australia,"28,533",36.6,24%
157,Newcastle University,United Kingdom,"24,885",14.4,26%
158,University of Cologne,Germany,"29,832",27.7,17%
159,Case Western Reserve University,United States,"11,334",9.1,27%
160,TU Dresden,Germany,"21,294",19.8,15%
161,University of Liverpool,United Kingdom,"25,735",13.8,30%
162,Osaka University,Japan,"22,186",10.4,11%
163,University of Virginia (Main campus),United States,"26,228",9,12%
164,University of Waterloo,Canada,"35,370",23.1,22%
165,University of W?rzburg,Germany,"21,257",37.7,10%
166,Huazhong University of Science and Technology,China,"58,194",14.8,4%
167,Karlsruhe Institute of Technology,Germany,"20,875",41.3,24%
168,Dartmouth College,United States,"6,691",8,17%
169,Lancaster University,United Kingdom,"15,280",13.8,36%
170,University of Antwerp,Belgium,"16,398",32.3,18%
171,University of Geneva,Switzerland,"18,261",8.1,41%
172,Durham University,United Kingdom,"21,065",13.7,33%
173,National Taiwan University (NTU),Taiwan,"25,973",13.3,15%
174,University of Exeter,United Kingdom,"29,310",16.9,29%
175,Universit? Catholique de Louvain,Belgium,"27,440",39.9,20%
176,King Fahd University of Petroleum and Minerals,Saudi Arabia,"6,222",7.8,25%
177,Pompeu Fabra University,Spain,"12,662",22.3,17%
178,Macquarie University,Australia,"28,373",50,21%
179,Tufts University,United States,"12,647",11,17%
180,University of Cape Town,South Africa,"21,021",13,13%
181,University of Macau,Macao,"11,573",19.2,46%
182,University of Twente,Netherlands,"8,742",11.6,41%
183,Southern University of Science and Technology (SUSTech),China,"7,350",9.1,1%
184,Universit? Paris Cit?,France,"61,998",17.1,20%
185,Eindhoven University of Technology,Netherlands,"10,686",21,31%
186,Sapienza University of Rome,Italy,"64,504",27.6,7%
187,University of St Andrews,United Kingdom,"10,750",12.8,47%
188,University of M?nster,Germany,"26,664",24.4,6%
189,Indiana University,United States,"66,622",12.5,12%
190,Korea University,South Korea,"21,741",17.3,38%
191,Abu Dhabi University,United Arab Emirates,"2,344",10.7,60%
192,Stockholm University,Sweden,"28,689",17.4,14%
193,University of Leicester,United Kingdom,"14,825",14.8,38%
194,University of Ottawa,Canada,"40,289",28.4,28%
195,Tokyo Institute of Technology,Japan,"9,908",9.9,16%
196,Aalto University,Finland,"14,298",20.3,25%
197,University of California Santa Cruz,United States,"19,782",24.1,10%
198,University of Notre Dame,United States,"12,860",10.9,13%
199,Ulm University,Germany,"10,316",24.4,14%
200,Universitat Aut?noma de Barcelona (UAB),Spain,"32,795",13.1,15%
